ID;Simulation ID;Run;Iteration;Activity;Timestamp (sec);Duration(sec);Type;Cause ID;Result ID;Attributes
1;sim_1747527600000;1;0;Запуск #1;0.0;;system;;;"{""runNumber"": 1, ""strategy"": ""auto"", ""humidity"": 38, ""temperature"": 19}"
2;sim_1747527600000;1;4;Задымление: начальный уровень (Т1);10.12;;event;;;"{""impactCode"": ""Т1"", ""impactType"": ""thermal"", ""factor"": ""smoke"", ""smokeDensity_pct"": 11.3, ""CO2_ppm"": 729, ""CO_ppm"": 5, ""description"": ""Эксплуатационные характеристики помещения сохраняются"", ""objectId"": ""object_1779051672543"", ""objectLabel"": ""Датчик дыма""}"
3;sim_1747527600000;1;5;Датчик дыма: возгорание обнаружено;15.42;;event;;;"{""impactCode"": ""Т1"", ""objectId"": ""object_1779051672543"", ""label"": ""Датчик дыма"", ""isActive"": true, ""smokeDensity_pct"": 14, ""CO2_ppm"": 950}"
4;sim_1747527600000;1;5;Мониторинг работы склада;15.92;15.0;action;;;"{""nodeId"": ""node_detect"", ""responsible"": ""Дежурный охранник"", ""parallel"": false, ""resultEventId"": 5}"
5;sim_1747527600000;1;6;Возгорание обнаружено;30.92;;event;;;"{""sourceNodeId"": ""node_detect"", ""resultEventId"": 5}"
6;sim_1747527600000;1;12;Задымление: критический уровень (Т2);40.92;;event;;;"{""impactCode"": ""Т2"", ""impactType"": ""thermal"", ""factor"": ""smoke"", ""smokeDensity_pct"": 36.3, ""CO2_ppm"": 2506, ""CO_ppm"": 116, ""visibility_m"": 2.6, ""description"": ""Видимость снижена, персонал временно теряет ориентацию — эвакуация затруднена""}"
7;sim_1747527600000;1;9;Стеллаж 2 в зоне воздействия огня (Т1);38.92;;object;;;"{""impactCode"": ""Т1"", ""impactType"": ""thermal"", ""factor"": ""fire"", ""objectId"": ""object_1778672220634"", ""objectType"": ""shelf"", ""label"": ""Стеллаж 2"", ""position"": {""x"": 620, ""y"": 390}, ""intensity"": 1, ""temperature_C"": 55, ""objectProperties"": {""material"": ""mixed"", ""load"": 65, ""damageThresholdT2"": 80, ""damageThresholdT3"": 250, ""isWet"": false, ""status"": ""at_risk"", ""currentDamage"": 0}}"
8;sim_1747527600000;1;7;Оповещение и эвакуация персонала;31.92;240.0;action;;9;"{""nodeId"": ""node_1779051773013"", ""responsible"": ""Дежурный охранник"", ""parallel"": true, ""resultEventId"": 9}"
9;sim_1747527600000;1;39;Персонал эвакуирован;271.92;;event;8;;"{""sourceNodeId"": ""node_1779051773013""}"
10;sim_1747527600000;1;14;Химическое воздействие продуктов горения (Х1);48.92;;event;;;"{""impactCode"": ""Х1"", ""impactType"": ""chemical"", ""factor"": ""combustion_products"", ""CO_ppm"": 39, ""CO2_ppm"": 2389, ""NOx_ppm"": 3, ""description"": ""Концентрация ниже опасного порога (CO<50 ppm). Характеристики сохраняются""}"
11;sim_1747527600000;1;16;Стеллаж 1 повреждён (Т2) — термическое воздействие;55.92;;object;;;"{""impactCode"": ""Т2"", ""impactType"": ""thermal"", ""factor"": ""fire"", ""objectId"": ""object_1778672180187"", ""objectType"": ""shelf"", ""label"": ""Стеллаж 1"", ""position"": {""x"": 450, ""y"": 420}, ""temperature_C"": 142, ""description"": ""Товар частично деформирован, восстановление возможно"", ""objectProperties"": {""material"": ""mixed"", ""load"": 70, ""damageThresholdT2"": 80, ""damageThresholdT3"": 250, ""isWet"": false, ""status"": ""damaged"", ""currentDamage"": 5.5}}"
12;sim_1747527600000;1;8;Оценка пожара: риск распространения;33.92;45.0;action;;;"{""nodeId"": ""node_1779052090057"", ""responsible"": ""Начальник смены"", ""parallel"": false}"
13;sim_1747527600000;1;49;Активация системы автотушения;78.92;120.0;decision;;[14,15,16,17];"{""nodeId"": ""node_1779052282008"", ""responsible"": ""Инженер по безопасности"", ""parallel"": false, ""decisionNodeName"": ""Оценка пожара: риск распространения"", ""resultEventId"": 26}"
14;sim_1747527600000;1;54;Спринклер 1 сработал: температура 62°C;83.92;;object;13;;"{""impactCode"": ""Т1"", ""impactType"": ""thermal"", ""factor"": ""activation_temp"", ""objectId"": ""object_1778672149322"", ""objectType"": ""sprinkler"", ""label"": ""Спринклер 1"", ""position"": {""x"": 543, ""y"": 502}, ""objectProperties"": {""isActive"": true, ""status"": ""safe"", ""waterSupplyRemaining"": 300, ""activationTemp"": 68}}"
15;sim_1747527600000;1;57;Спринклер 2 сработал: температура 65°C;85.92;;object;13;;"{""impactCode"": ""Т1"", ""impactType"": ""thermal"", ""factor"": ""activation_temp"", ""objectId"": ""object_1778672164672"", ""objectType"": ""sprinkler"", ""label"": ""Спринклер 2"", ""position"": {""x"": 559, ""y"": 832}, ""objectProperties"": {""isActive"": true, ""status"": ""safe"", ""waterSupplyRemaining"": 290, ""activationTemp"": 68}}"
16;sim_1747527600000;1;60;Спринклер 3 сработал: температура 68°C;87.92;;object;13;;"{""impactCode"": ""Т1"", ""impactType"": ""thermal"", ""factor"": ""activation_temp"", ""objectId"": ""object_1778672385873"", ""objectType"": ""sprinkler"", ""label"": ""Спринклер 3"", ""position"": {""x"": 1019, ""y"": 895}, ""objectProperties"": {""isActive"": true, ""status"": ""safe"", ""waterSupplyRemaining"": 280, ""activationTemp"": 68}}"
17;sim_1747527600000;1;63;Спринклер 4 сработал: температура 71°C;89.92;;object;13;;"{""impactCode"": ""Т1"", ""impactType"": ""thermal"", ""factor"": ""activation_temp"", ""objectId"": ""object_1778672373406"", ""objectType"": ""sprinkler"", ""label"": ""Спринклер 4"", ""position"": {""x"": 700, ""y"": 650}, ""objectProperties"": {""isActive"": true, ""status"": ""safe"", ""waterSupplyRemaining"": 270, ""activationTemp"": 68}}"
18;sim_1747527600000;1;59;Намокание зоны от спринклера (М1);93.92;;event;;;"{""impactCode"": ""М1"", ""impactType"": ""climatic"", ""factor"": ""water_spray"", ""wetLevel_pct"": 20, ""description"": ""Влажность в зоне повышена, характеристики объектов сохраняются""}"
19;sim_1747527600000;1;64;Стеллаж 1 намочен спринклером — товар испорчен (М2);108.92;;object;;;"{""impactCode"": ""М2"", ""impactType"": ""climatic"", ""factor"": ""water_damage"", ""objectId"": ""object_1778672180187"", ""objectType"": ""shelf"", ""label"": ""Стеллаж 1"", ""position"": {""x"": 450, ""y"": 420}, ""damageCause"": ""water"", ""description"": ""Товар намочен — временная потеря потребительских свойств, восстановление возможно"", ""objectProperties"": {""material"": ""mixed"", ""load"": 70, ""damageThresholdT2"": 80, ""damageThresholdT3"": 250, ""isWet"": true, ""status"": ""damaged"", ""currentDamage"": 8.0}}"
20;sim_1747527600000;1;72;Стеллаж 2 намочен спринклером — товар испорчен (М2);123.92;;object;;;"{""impactCode"": ""М2"", ""impactType"": ""climatic"", ""factor"": ""water_damage"", ""objectId"": ""object_1778672220634"", ""objectType"": ""shelf"", ""label"": ""Стеллаж 2"", ""position"": {""x"": 620, ""y"": 390}, ""damageCause"": ""water"", ""description"": ""Товар намочен — временная потеря потребительских свойств, восстановление возможно"", ""objectProperties"": {""material"": ""mixed"", ""load"": 65, ""damageThresholdT2"": 80, ""damageThresholdT3"": 250, ""isWet"": true, ""status"": ""damaged"", ""currentDamage"": 8.0}}"
21;sim_1747527600000;1;62;Температура воздуха в зоне: критический уровень (Т2);100.92;;event;;;"{""impactCode"": ""Т2"", ""impactType"": ""thermal"", ""factor"": ""air_temperature"", ""temperature_C"": 203, ""zone"": ""main_warehouse"", ""description"": ""Пребывание людей без защиты невозможно — временная потеря функциональности зоны""}"
22;sim_1747527600000;1;66;Концентрация CO: опасный уровень (Х2);106.92;;event;;;"{""impactCode"": ""Х2"", ""impactType"": ""chemical"", ""factor"": ""CO"", ""CO_ppm"": 244, ""CO2_ppm"": 6406, ""description"": ""CO превышает 200 ppm — временная потеря работоспособности персонала без СИЗОД""}"
23;sim_1747527600000;1;74;Стеллаж 3 разрушен (Т3) + ВОСПЛАМЕНЕНИЕ ЛВЖ (Х3);143.92;;object;;;"{""impactCode"": ""Т3/Х3"", ""impactType"": ""thermal+chemical"", ""factor"": ""fire+flammable_liquid"", ""objectId"": ""object_1778672253543"", ""objectType"": ""shelf"", ""label"": ""Стеллаж 3"", ""position"": {""x"": 430, ""y"": 580}, ""temperature_C"": 312, ""damageCause"": ""fire"", ""description"": ""Необратимое разрушение конструкции. Воспламенение ЛВЖ — резкое ускорение распространения пожара"", ""objectProperties"": {""material"": ""flammable"", ""load"": 80, ""damageThresholdT2"": 80, ""damageThresholdT3"": 250, ""isWet"": false, ""status"": ""destroyed"", ""currentDamage"": 100.0}}"
24;sim_1747527600000;1;76;Температура воздуха: необратимое воздействие на конструкции (Т3);146.92;;event;;;"{""impactCode"": ""Т3"", ""impactType"": ""thermal"", ""factor"": ""air_temperature"", ""temperature_C"": 476, ""zone"": ""main_warehouse"", ""description"": ""Температура превышает предел огнестойкости несущих элементов""}"
25;sim_1747527600000;1;59;Вентиляция отключилась при 162°C (Т2);98.92;;object;;;"{""impactCode"": ""Т2"", ""impactType"": ""thermal"", ""factor"": ""air_temperature"", ""objectId"": ""object_1779051672543"", ""objectType"": ""smoke_detector"", ""temperature_C"": 162, ""description"": ""Временная потеря функции вентиляции — восстановление после охлаждения"", ""objectProperties"": {""status"": ""damaged"", ""isOn"": false, ""temperature"": 162}}"
26;sim_1747527600000;1;89;Система автотушения активирована;198.92;;event;;;"{""sourceNodeId"": ""node_1779052282008""}"
27;sim_1747527600000;1;90;Локализация пожара;198.92;600.0;action;;;"{""nodeId"": ""node_1779052518161"", ""responsible"": ""Инженер по безопасности"", ""parallel"": true}"
28;sim_1747527600000;1;104;Температура в зоне снижается (Т1);289.92;;event;;;"{""impactCode"": ""Т1"", ""impactType"": ""thermal"", ""factor"": ""air_temperature"", ""temperature_C"": 87, ""zone"": ""main_warehouse"", ""description"": ""Спринклеры подавили горение — характеристики зоны восстанавливаются""}"
29;sim_1747527600000;1;94;Контроль ликвидации пожара;209.92;660.0;action;;;"{""nodeId"": ""node_1779052723979"", ""responsible"": ""Начальник смены"", ""parallel"": false}"
30;sim_1747527600000;1;184;Полная ликвидация пожара;869.92;;event;;;"{""sourceNodeId"": ""node_1779052518161"", ""outcome"": ""success""}"
31;sim_1747527600000;1;186;Фиксация нанесенного ущерба;871.92;180.0;action;;;"{""nodeId"": ""node_1779053495479"", ""responsible"": ""Начальник смены"", ""parallel"": false}"
32;sim_1747527600000;1;204;Завершение запуска #1;1051.92;;system;;;"{""runNumber"": 1, ""outcome"": ""success"", ""strategy"": ""auto"", ""totalTimeSec"": 1051.9, ""impactSummary"": {""T1_zones"": 1, ""T2_shelves_fire"": 1, ""T2_shelves_water"": 2, ""T3_shelves_fire"": 1, ""K2_shelves_water"": 2, ""X2_CO_peak"": true, ""X3_flammable"": true}, ""maxDamageLevel"": ""Т3"", ""humidity"": 38, ""temperature"": 19, ""sprinklersActivated"": 4}"
33;sim_1747527600000;2;0;Запуск #2;0.0;;system;;;"{""runNumber"": 2, ""strategy"": ""auto"", ""humidity"": 42, ""temperature"": 21}"
34;sim_1747527600000;2;3;Задымление: начальный уровень (Т1);11.49;;event;;;"{""impactCode"": ""Т1"", ""impactType"": ""thermal"", ""factor"": ""smoke"", ""smokeDensity_pct"": 8.4, ""CO2_ppm"": 785, ""CO_ppm"": 10, ""description"": ""Эксплуатационные характеристики помещения сохраняются"", ""objectId"": ""object_1779051672543"", ""objectLabel"": ""Датчик дыма""}"
35;sim_1747527600000;2;4;Датчик дыма: возгорание обнаружено;17.16;;event;;;"{""impactCode"": ""Т1"", ""objectId"": ""object_1779051672543"", ""label"": ""Датчик дыма"", ""isActive"": true, ""smokeDensity_pct"": 14, ""CO2_ppm"": 950}"
36;sim_1747527600000;2;4;Мониторинг работы склада;17.66;15.0;action;;;"{""nodeId"": ""node_detect"", ""responsible"": ""Дежурный охранник"", ""parallel"": false, ""resultEventId"": 37}"
37;sim_1747527600000;2;5;Возгорание обнаружено;32.66;;event;;;"{""sourceNodeId"": ""node_detect"", ""resultEventId"": 37}"
38;sim_1747527600000;2;11;Задымление: критический уровень (Т2);42.66;;event;;;"{""impactCode"": ""Т2"", ""impactType"": ""thermal"", ""factor"": ""smoke"", ""smokeDensity_pct"": 51.1, ""CO2_ppm"": 3167, ""CO_ppm"": 52, ""visibility_m"": 3.9, ""description"": ""Видимость снижена, персонал временно теряет ориентацию — эвакуация затруднена""}"
39;sim_1747527600000;2;8;Стеллаж 2 в зоне воздействия огня (Т1);40.66;;object;;;"{""impactCode"": ""Т1"", ""impactType"": ""thermal"", ""factor"": ""fire"", ""objectId"": ""object_1778672220634"", ""objectType"": ""shelf"", ""label"": ""Стеллаж 2"", ""position"": {""x"": 620, ""y"": 390}, ""intensity"": 1, ""temperature_C"": 55, ""objectProperties"": {""material"": ""mixed"", ""load"": 65, ""damageThresholdT2"": 80, ""damageThresholdT3"": 250, ""isWet"": false, ""status"": ""at_risk"", ""currentDamage"": 0}}"
40;sim_1747527600000;2;6;Оповещение и эвакуация персонала;33.66;240.0;action;;41;"{""nodeId"": ""node_1779051773013"", ""responsible"": ""Дежурный охранник"", ""parallel"": true, ""resultEventId"": 41}"
41;sim_1747527600000;2;38;Персонал эвакуирован;273.66;;event;40;;"{""sourceNodeId"": ""node_1779051773013""}"
42;sim_1747527600000;2;13;Химическое воздействие продуктов горения (Х1);50.66;;event;;;"{""impactCode"": ""Х1"", ""impactType"": ""chemical"", ""factor"": ""combustion_products"", ""CO_ppm"": 28, ""CO2_ppm"": 2107, ""NOx_ppm"": 4, ""description"": ""Концентрация ниже опасного порога (CO<50 ppm). Характеристики сохраняются""}"
43;sim_1747527600000;2;15;Стеллаж 1 повреждён (Т2) — термическое воздействие;57.66;;object;;;"{""impactCode"": ""Т2"", ""impactType"": ""thermal"", ""factor"": ""fire"", ""objectId"": ""object_1778672180187"", ""objectType"": ""shelf"", ""label"": ""Стеллаж 1"", ""position"": {""x"": 450, ""y"": 420}, ""temperature_C"": 142, ""description"": ""Товар частично деформирован, восстановление возможно"", ""objectProperties"": {""material"": ""mixed"", ""load"": 70, ""damageThresholdT2"": 80, ""damageThresholdT3"": 250, ""isWet"": false, ""status"": ""damaged"", ""currentDamage"": 5.5}}"
44;sim_1747527600000;2;7;Оценка пожара: риск распространения;35.66;45.0;action;;;"{""nodeId"": ""node_1779052090057"", ""responsible"": ""Начальник смены"", ""parallel"": false}"
45;sim_1747527600000;2;48;Активация системы автотушения;80.66;120.0;decision;;[46,47,48,49];"{""nodeId"": ""node_1779052282008"", ""responsible"": ""Инженер по безопасности"", ""parallel"": false, ""decisionNodeName"": ""Оценка пожара: риск распространения"", ""resultEventId"": 57}"
46;sim_1747527600000;2;53;Спринклер 1 сработал: температура 62°C;85.66;;object;45;;"{""impactCode"": ""Т1"", ""impactType"": ""thermal"", ""factor"": ""activation_temp"", ""objectId"": ""object_1778672149322"", ""objectType"": ""sprinkler"", ""label"": ""Спринклер 1"", ""position"": {""x"": 543, ""y"": 502}, ""objectProperties"": {""isActive"": true, ""status"": ""safe"", ""waterSupplyRemaining"": 300, ""activationTemp"": 68}}"
47;sim_1747527600000;2;56;Спринклер 2 сработал: температура 65°C;87.66;;object;45;;"{""impactCode"": ""Т1"", ""impactType"": ""thermal"", ""factor"": ""activation_temp"", ""objectId"": ""object_1778672164672"", ""objectType"": ""sprinkler"", ""label"": ""Спринклер 2"", ""position"": {""x"": 559, ""y"": 832}, ""objectProperties"": {""isActive"": true, ""status"": ""safe"", ""waterSupplyRemaining"": 290, ""activationTemp"": 68}}"
48;sim_1747527600000;2;59;Спринклер 3 сработал: температура 68°C;89.66;;object;45;;"{""impactCode"": ""Т1"", ""impactType"": ""thermal"", ""factor"": ""activation_temp"", ""objectId"": ""object_1778672385873"", ""objectType"": ""sprinkler"", ""label"": ""Спринклер 3"", ""position"": {""x"": 1019, ""y"": 895}, ""objectProperties"": {""isActive"": true, ""status"": ""safe"", ""waterSupplyRemaining"": 280, ""activationTemp"": 68}}"
49;sim_1747527600000;2;62;Спринклер 4 сработал: температура 71°C;91.66;;object;45;;"{""impactCode"": ""Т1"", ""impactType"": ""thermal"", ""factor"": ""activation_temp"", ""objectId"": ""object_1778672373406"", ""objectType"": ""sprinkler"", ""label"": ""Спринклер 4"", ""position"": {""x"": 700, ""y"": 650}, ""objectProperties"": {""isActive"": true, ""status"": ""safe"", ""waterSupplyRemaining"": 270, ""activationTemp"": 68}}"
50;sim_1747527600000;2;58;Намокание зоны от спринклера (М1);95.66;;event;;;"{""impactCode"": ""М1"", ""impactType"": ""climatic"", ""factor"": ""water_spray"", ""wetLevel_pct"": 20, ""description"": ""Влажность в зоне повышена, характеристики объектов сохраняются""}"
51;sim_1747527600000;2;63;Стеллаж 1 намочен спринклером — товар испорчен (М2);110.66;;object;;;"{""impactCode"": ""М2"", ""impactType"": ""climatic"", ""factor"": ""water_damage"", ""objectId"": ""object_1778672180187"", ""objectType"": ""shelf"", ""label"": ""Стеллаж 1"", ""position"": {""x"": 450, ""y"": 420}, ""damageCause"": ""water"", ""description"": ""Товар намочен — временная потеря потребительских свойств, восстановление возможно"", ""objectProperties"": {""material"": ""mixed"", ""load"": 70, ""damageThresholdT2"": 80, ""damageThresholdT3"": 250, ""isWet"": true, ""status"": ""damaged"", ""currentDamage"": 8.0}}"
52;sim_1747527600000;2;71;Стеллаж 2 намочен спринклером — товар испорчен (М2);125.66;;object;;;"{""impactCode"": ""М2"", ""impactType"": ""climatic"", ""factor"": ""water_damage"", ""objectId"": ""object_1778672220634"", ""objectType"": ""shelf"", ""label"": ""Стеллаж 2"", ""position"": {""x"": 620, ""y"": 390}, ""damageCause"": ""water"", ""description"": ""Товар намочен — временная потеря потребительских свойств, восстановление возможно"", ""objectProperties"": {""material"": ""mixed"", ""load"": 65, ""damageThresholdT2"": 80, ""damageThresholdT3"": 250, ""isWet"": true, ""status"": ""damaged"", ""currentDamage"": 8.0}}"
53;sim_1747527600000;2;79;Стеллаж 3 намочен спринклером — товар испорчен (М2);140.66;;object;;;"{""impactCode"": ""М2"", ""impactType"": ""climatic"", ""factor"": ""water_damage"", ""objectId"": ""object_1778672253543"", ""objectType"": ""shelf"", ""label"": ""Стеллаж 3"", ""position"": {""x"": 430, ""y"": 580}, ""damageCause"": ""water"", ""description"": ""Товар намочен — временная потеря потребительских свойств, восстановление возможно"", ""objectProperties"": {""material"": ""flammable"", ""load"": 80, ""damageThresholdT2"": 80, ""damageThresholdT3"": 250, ""isWet"": true, ""status"": ""damaged"", ""currentDamage"": 8.0}}"
54;sim_1747527600000;2;61;Температура воздуха в зоне: критический уровень (Т2);102.66;;event;;;"{""impactCode"": ""Т2"", ""impactType"": ""thermal"", ""factor"": ""air_temperature"", ""temperature_C"": 181, ""zone"": ""main_warehouse"", ""description"": ""Пребывание людей без защиты невозможно — временная потеря функциональности зоны""}"
55;sim_1747527600000;2;65;Концентрация CO: опасный уровень (Х2);108.66;;event;;;"{""impactCode"": ""Х2"", ""impactType"": ""chemical"", ""factor"": ""CO"", ""CO_ppm"": 329, ""CO2_ppm"": 6452, ""description"": ""CO превышает 200 ppm — временная потеря работоспособности персонала без СИЗОД""}"
56;sim_1747527600000;2;58;Вентиляция отключилась при 162°C (Т2);100.66;;object;;;"{""impactCode"": ""Т2"", ""impactType"": ""thermal"", ""factor"": ""air_temperature"", ""objectId"": ""object_1779051672543"", ""objectType"": ""smoke_detector"", ""temperature_C"": 162, ""description"": ""Временная потеря функции вентиляции — восстановление после охлаждения"", ""objectProperties"": {""status"": ""damaged"", ""isOn"": false, ""temperature"": 162}}"
57;sim_1747527600000;2;88;Система автотушения активирована;200.66;;event;;;"{""sourceNodeId"": ""node_1779052282008""}"
58;sim_1747527600000;2;89;Локализация пожара;200.66;600.0;action;;;"{""nodeId"": ""node_1779052518161"", ""responsible"": ""Инженер по безопасности"", ""parallel"": true}"
59;sim_1747527600000;2;123;Спринклер 1: запас воды исчерпан (К2→0);381.66;;object;;;"{""impactCode"": ""К2"", ""impactType"": ""climatic"", ""factor"": ""water_supply"", ""objectId"": ""object_1778672149322"", ""objectType"": ""sprinkler"", ""label"": ""Спринклер 1"", ""description"": ""Запас воды исчерпан — функция подавления огня временно утрачена"", ""objectProperties"": {""status"": ""depleted"", ""waterSupplyRemaining"": 0, ""isActive"": false}}"
60;sim_1747527600000;2;103;Температура в зоне снижается (Т1);291.66;;event;;;"{""impactCode"": ""Т1"", ""impactType"": ""thermal"", ""factor"": ""air_temperature"", ""temperature_C"": 73, ""zone"": ""main_warehouse"", ""description"": ""Спринклеры подавили горение — характеристики зоны восстанавливаются""}"
61;sim_1747527600000;2;93;Контроль ликвидации пожара;211.66;660.0;action;;;"{""nodeId"": ""node_1779052723979"", ""responsible"": ""Начальник смены"", ""parallel"": false}"
62;sim_1747527600000;2;183;Полная ликвидация пожара;871.66;;event;58;;"{""sourceNodeId"": ""node_1779052518161"", ""outcome"": ""success""}"
63;sim_1747527600000;2;185;Фиксация нанесенного ущерба;873.66;180.0;action;;;"{""nodeId"": ""node_1779053495479"", ""responsible"": ""Начальник смены"", ""parallel"": false}"
64;sim_1747527600000;2;203;Завершение запуска #2;1053.66;;system;;;"{""runNumber"": 2, ""outcome"": ""success"", ""strategy"": ""auto"", ""totalTimeSec"": 1053.7, ""impactSummary"": {""T1_zones"": 1, ""T2_shelves_fire"": 1, ""T2_shelves_water"": 3, ""T3_shelves_fire"": 0, ""K2_shelves_water"": 3, ""X2_CO_peak"": true, ""X3_flammable"": false}, ""maxDamageLevel"": ""Т2"", ""humidity"": 42, ""temperature"": 21, ""sprinklersActivated"": 4}"
65;sim_1747527600000;3;0;Запуск #3;0.0;;system;;;"{""runNumber"": 3, ""strategy"": ""auto"", ""humidity"": 44, ""temperature"": 18}"
66;sim_1747527600000;3;6;Задымление: начальный уровень (Т1);10.47;;event;;;"{""impactCode"": ""Т1"", ""impactType"": ""thermal"", ""factor"": ""smoke"", ""smokeDensity_pct"": 8.5, ""CO2_ppm"": 742, ""CO_ppm"": 6, ""description"": ""Эксплуатационные характеристики помещения сохраняются"", ""objectId"": ""object_1779051672543"", ""objectLabel"": ""Датчик дыма""}"
67;sim_1747527600000;3;7;Датчик дыма: возгорание обнаружено;15.14;;event;;;"{""impactCode"": ""Т1"", ""objectId"": ""object_1779051672543"", ""label"": ""Датчик дыма"", ""isActive"": true, ""smokeDensity_pct"": 14, ""CO2_ppm"": 950}"
68;sim_1747527600000;3;7;Мониторинг работы склада;15.64;15.0;action;;;"{""nodeId"": ""node_detect"", ""responsible"": ""Дежурный охранник"", ""parallel"": false, ""resultEventId"": 69}"
69;sim_1747527600000;3;8;Возгорание обнаружено;30.64;;event;;;"{""sourceNodeId"": ""node_detect"", ""resultEventId"": 69}"
70;sim_1747527600000;3;14;Задымление: критический уровень (Т2);40.64;;event;;;"{""impactCode"": ""Т2"", ""impactType"": ""thermal"", ""factor"": ""smoke"", ""smokeDensity_pct"": 35.4, ""CO2_ppm"": 2770, ""CO_ppm"": 109, ""visibility_m"": 2.4, ""description"": ""Видимость снижена, персонал временно теряет ориентацию — эвакуация затруднена""}"
71;sim_1747527600000;3;11;Стеллаж 2 в зоне воздействия огня (Т1);38.64;;object;;;"{""impactCode"": ""Т1"", ""impactType"": ""thermal"", ""factor"": ""fire"", ""objectId"": ""object_1778672220634"", ""objectType"": ""shelf"", ""label"": ""Стеллаж 2"", ""position"": {""x"": 620, ""y"": 390}, ""intensity"": 1, ""temperature_C"": 55, ""objectProperties"": {""material"": ""mixed"", ""load"": 65, ""damageThresholdT2"": 80, ""damageThresholdT3"": 250, ""isWet"": false, ""status"": ""at_risk"", ""currentDamage"": 0}}"
72;sim_1747527600000;3;9;Оповещение и эвакуация персонала;31.64;240.0;action;;73;"{""nodeId"": ""node_1779051773013"", ""responsible"": ""Дежурный охранник"", ""parallel"": true, ""resultEventId"": 73}"
73;sim_1747527600000;3;41;Персонал эвакуирован;271.64;;event;72;;"{""sourceNodeId"": ""node_1779051773013""}"
74;sim_1747527600000;3;16;Химическое воздействие продуктов горения (Х1);48.64;;event;;;"{""impactCode"": ""Х1"", ""impactType"": ""chemical"", ""factor"": ""combustion_products"", ""CO_ppm"": 30, ""CO2_ppm"": 2179, ""NOx_ppm"": 2, ""description"": ""Концентрация ниже опасного порога (CO<50 ppm). Характеристики сохраняются""}"
75;sim_1747527600000;3;18;Стеллаж 1 повреждён (Т2) — термическое воздействие;55.64;;object;;;"{""impactCode"": ""Т2"", ""impactType"": ""thermal"", ""factor"": ""fire"", ""objectId"": ""object_1778672180187"", ""objectType"": ""shelf"", ""label"": ""Стеллаж 1"", ""position"": {""x"": 450, ""y"": 420}, ""temperature_C"": 142, ""description"": ""Товар частично деформирован, восстановление возможно"", ""objectProperties"": {""material"": ""mixed"", ""load"": 70, ""damageThresholdT2"": 80, ""damageThresholdT3"": 250, ""isWet"": false, ""status"": ""damaged"", ""currentDamage"": 5.5}}"
76;sim_1747527600000;3;10;Оценка пожара: риск распространения;33.64;45.0;action;;;"{""nodeId"": ""node_1779052090057"", ""responsible"": ""Начальник смены"", ""parallel"": false}"
77;sim_1747527600000;3;51;Активация системы автотушения;78.64;120.0;decision;;[78,79,80,81];"{""nodeId"": ""node_1779052282008"", ""responsible"": ""Инженер по безопасности"", ""parallel"": false, ""decisionNodeName"": ""Оценка пожара: риск распространения"", ""resultEventId"": 87}"
78;sim_1747527600000;3;56;Спринклер 1 сработал: температура 62°C;83.64;;object;77;;"{""impactCode"": ""Т1"", ""impactType"": ""thermal"", ""factor"": ""activation_temp"", ""objectId"": ""object_1778672149322"", ""objectType"": ""sprinkler"", ""label"": ""Спринклер 1"", ""position"": {""x"": 543, ""y"": 502}, ""objectProperties"": {""isActive"": true, ""status"": ""safe"", ""waterSupplyRemaining"": 300, ""activationTemp"": 68}}"
79;sim_1747527600000;3;59;Спринклер 2 сработал: температура 65°C;85.64;;object;77;;"{""impactCode"": ""Т1"", ""impactType"": ""thermal"", ""factor"": ""activation_temp"", ""objectId"": ""object_1778672164672"", ""objectType"": ""sprinkler"", ""label"": ""Спринклер 2"", ""position"": {""x"": 559, ""y"": 832}, ""objectProperties"": {""isActive"": true, ""status"": ""safe"", ""waterSupplyRemaining"": 290, ""activationTemp"": 68}}"
80;sim_1747527600000;3;62;Спринклер 3 сработал: температура 68°C;87.64;;object;77;;"{""impactCode"": ""Т1"", ""impactType"": ""thermal"", ""factor"": ""activation_temp"", ""objectId"": ""object_1778672385873"", ""objectType"": ""sprinkler"", ""label"": ""Спринклер 3"", ""position"": {""x"": 1019, ""y"": 895}, ""objectProperties"": {""isActive"": true, ""status"": ""safe"", ""waterSupplyRemaining"": 280, ""activationTemp"": 68}}"
81;sim_1747527600000;3;65;Спринклер 4 сработал: температура 71°C;89.64;;object;77;;"{""impactCode"": ""Т1"", ""impactType"": ""thermal"", ""factor"": ""activation_temp"", ""objectId"": ""object_1778672373406"", ""objectType"": ""sprinkler"", ""label"": ""Спринклер 4"", ""position"": {""x"": 700, ""y"": 650}, ""objectProperties"": {""isActive"": true, ""status"": ""safe"", ""waterSupplyRemaining"": 270, ""activationTemp"": 68}}"
82;sim_1747527600000;3;61;Намокание зоны от спринклера (М1);93.64;;event;;;"{""impactCode"": ""М1"", ""impactType"": ""climatic"", ""factor"": ""water_spray"", ""wetLevel_pct"": 20, ""description"": ""Влажность в зоне повышена, характеристики объектов сохраняются""}"
83;sim_1747527600000;3;66;Стеллаж 1 намочен спринклером — товар испорчен (М2);108.64;;object;;;"{""impactCode"": ""М2"", ""impactType"": ""climatic"", ""factor"": ""water_damage"", ""objectId"": ""object_1778672180187"", ""objectType"": ""shelf"", ""label"": ""Стеллаж 1"", ""position"": {""x"": 450, ""y"": 420}, ""damageCause"": ""water"", ""description"": ""Товар намочен — временная потеря потребительских свойств, восстановление возможно"", ""objectProperties"": {""material"": ""mixed"", ""load"": 70, ""damageThresholdT2"": 80, ""damageThresholdT3"": 250, ""isWet"": true, ""status"": ""damaged"", ""currentDamage"": 8.0}}"
84;sim_1747527600000;3;64;Температура воздуха в зоне: критический уровень (Т2);100.64;;event;;;"{""impactCode"": ""Т2"", ""impactType"": ""thermal"", ""factor"": ""air_temperature"", ""temperature_C"": 207, ""zone"": ""main_warehouse"", ""description"": ""Пребывание людей без защиты невозможно — временная потеря функциональности зоны""}"
85;sim_1747527600000;3;68;Концентрация CO: опасный уровень (Х2);106.64;;event;;;"{""impactCode"": ""Х2"", ""impactType"": ""chemical"", ""factor"": ""CO"", ""CO_ppm"": 339, ""CO2_ppm"": 6519, ""description"": ""CO превышает 200 ppm — временная потеря работоспособности персонала без СИЗОД""}"
86;sim_1747527600000;3;61;Вентиляция отключилась при 162°C (Т2);98.64;;object;;;"{""impactCode"": ""Т2"", ""impactType"": ""thermal"", ""factor"": ""air_temperature"", ""objectId"": ""object_1779051672543"", ""objectType"": ""smoke_detector"", ""temperature_C"": 162, ""description"": ""Временная потеря функции вентиляции — восстановление после охлаждения"", ""objectProperties"": {""status"": ""damaged"", ""isOn"": false, ""temperature"": 162}}"
87;sim_1747527600000;3;91;Система автотушения активирована;198.64;;event;;;"{""sourceNodeId"": ""node_1779052282008""}"
88;sim_1747527600000;3;92;Локализация пожара;198.64;600.0;action;;;"{""nodeId"": ""node_1779052518161"", ""responsible"": ""Инженер по безопасности"", ""parallel"": true}"
89;sim_1747527600000;3;106;Температура в зоне снижается (Т1);289.64;;event;;;"{""impactCode"": ""Т1"", ""impactType"": ""thermal"", ""factor"": ""air_temperature"", ""temperature_C"": 89, ""zone"": ""main_warehouse"", ""description"": ""Спринклеры подавили горение — характеристики зоны восстанавливаются""}"
90;sim_1747527600000;3;96;Контроль ликвидации пожара;209.64;660.0;action;;;"{""nodeId"": ""node_1779052723979"", ""responsible"": ""Начальник смены"", ""parallel"": false}"
91;sim_1747527600000;3;186;Полная ликвидация пожара;869.64;;event;;;"{""sourceNodeId"": ""node_1779052518161"", ""outcome"": ""success""}"
92;sim_1747527600000;3;188;Фиксация нанесенного ущерба;871.64;180.0;action;;;"{""nodeId"": ""node_1779053495479"", ""responsible"": ""Начальник смены"", ""parallel"": false}"
93;sim_1747527600000;3;206;Завершение запуска #3;1051.64;;system;;;"{""runNumber"": 3, ""outcome"": ""success"", ""strategy"": ""auto"", ""totalTimeSec"": 1051.6, ""impactSummary"": {""T1_zones"": 1, ""T2_shelves_fire"": 1, ""T2_shelves_water"": 1, ""T3_shelves_fire"": 0, ""K2_shelves_water"": 1, ""X2_CO_peak"": true, ""X3_flammable"": false}, ""maxDamageLevel"": ""Т2"", ""humidity"": 44, ""temperature"": 18, ""sprinklersActivated"": 4}"
94;sim_1747527600000;4;0;Запуск #4;0.0;;system;;;"{""runNumber"": 4, ""strategy"": ""extinguisher"", ""humidity"": 36, ""temperature"": 22}"
95;sim_1747527600000;4;6;Задымление: начальный уровень (Т1);11.93;;event;;;"{""impactCode"": ""Т1"", ""impactType"": ""thermal"", ""factor"": ""smoke"", ""smokeDensity_pct"": 10.5, ""CO2_ppm"": 865, ""CO_ppm"": 9, ""description"": ""Эксплуатационные характеристики помещения сохраняются"", ""objectId"": ""object_1779051672543"", ""objectLabel"": ""Датчик дыма""}"
96;sim_1747527600000;4;7;Датчик дыма: возгорание обнаружено;16.66;;event;;;"{""impactCode"": ""Т1"", ""objectId"": ""object_1779051672543"", ""label"": ""Датчик дыма"", ""isActive"": true, ""smokeDensity_pct"": 14, ""CO2_ppm"": 950}"
97;sim_1747527600000;4;7;Мониторинг работы склада;17.16;15.0;action;;;"{""nodeId"": ""node_detect"", ""responsible"": ""Дежурный охранник"", ""parallel"": false, ""resultEventId"": 98}"
98;sim_1747527600000;4;8;Возгорание обнаружено;32.16;;event;;;"{""sourceNodeId"": ""node_detect"", ""resultEventId"": 98}"
99;sim_1747527600000;4;14;Задымление: критический уровень (Т2);42.16;;event;;;"{""impactCode"": ""Т2"", ""impactType"": ""thermal"", ""factor"": ""smoke"", ""smokeDensity_pct"": 53.0, ""CO2_ppm"": 3615, ""CO_ppm"": 87, ""visibility_m"": 2.0, ""description"": ""Видимость снижена, персонал временно теряет ориентацию — эвакуация затруднена""}"
100;sim_1747527600000;4;11;Стеллаж 2 в зоне воздействия огня (Т1);40.16;;object;;;"{""impactCode"": ""Т1"", ""impactType"": ""thermal"", ""factor"": ""fire"", ""objectId"": ""object_1778672220634"", ""objectType"": ""shelf"", ""label"": ""Стеллаж 2"", ""position"": {""x"": 620, ""y"": 390}, ""intensity"": 1, ""temperature_C"": 55, ""objectProperties"": {""material"": ""mixed"", ""load"": 65, ""damageThresholdT2"": 80, ""damageThresholdT3"": 250, ""isWet"": false, ""status"": ""at_risk"", ""currentDamage"": 0}}"
101;sim_1747527600000;4;9;Оповещение и эвакуация персонала;33.16;240.0;action;;102;"{""nodeId"": ""node_1779051773013"", ""responsible"": ""Дежурный охранник"", ""parallel"": true, ""resultEventId"": 102}"
102;sim_1747527600000;4;41;Персонал эвакуирован;273.16;;event;101;;"{""sourceNodeId"": ""node_1779051773013""}"
103;sim_1747527600000;4;16;Химическое воздействие продуктов горения (Х1);50.16;;event;;;"{""impactCode"": ""Х1"", ""impactType"": ""chemical"", ""factor"": ""combustion_products"", ""CO_ppm"": 32, ""CO2_ppm"": 2158, ""NOx_ppm"": 1, ""description"": ""Концентрация ниже опасного порога (CO<50 ppm). Характеристики сохраняются""}"
104;sim_1747527600000;4;18;Стеллаж 1 повреждён (Т2) — термическое воздействие;57.16;;object;;;"{""impactCode"": ""Т2"", ""impactType"": ""thermal"", ""factor"": ""fire"", ""objectId"": ""object_1778672180187"", ""objectType"": ""shelf"", ""label"": ""Стеллаж 1"", ""position"": {""x"": 450, ""y"": 420}, ""temperature_C"": 142, ""description"": ""Товар частично деформирован, восстановление возможно"", ""objectProperties"": {""material"": ""mixed"", ""load"": 70, ""damageThresholdT2"": 80, ""damageThresholdT3"": 250, ""isWet"": false, ""status"": ""damaged"", ""currentDamage"": 5.5}}"
105;sim_1747527600000;4;10;Оценка пожара: риск распространения;35.16;45.0;action;;;"{""nodeId"": ""node_1779052090057"", ""responsible"": ""Начальник смены"", ""parallel"": false}"
106;sim_1747527600000;4;51;Подготовка персонала к тушению;80.16;180.0;decision;;;"{""nodeId"": ""node_1779052868364"", ""responsible"": ""Начальник смены"", ""parallel"": false, ""decisionNodeName"": ""Оценка пожара: риск распространения""}"
107;sim_1747527600000;4;26;Стеллаж 2 в зоне воздействия огня (Т1);90.16;;object;;;"{""impactCode"": ""Т1"", ""impactType"": ""thermal"", ""factor"": ""fire"", ""objectId"": ""object_1778672220634"", ""objectType"": ""shelf"", ""label"": ""Стеллаж 2"", ""position"": {""x"": 620, ""y"": 390}, ""temperature_C"": 55, ""intensity"": 2, ""objectProperties"": {""material"": ""mixed"", ""load"": 65, ""damageThresholdT2"": 80, ""damageThresholdT3"": 250, ""isWet"": false, ""status"": ""at_risk"", ""currentDamage"": 0}}"
108;sim_1747527600000;4;34;Стеллаж 3 в зоне воздействия огня (Т1);102.16;;object;;;"{""impactCode"": ""Т1"", ""impactType"": ""thermal"", ""factor"": ""fire"", ""objectId"": ""object_1778672253543"", ""objectType"": ""shelf"", ""label"": ""Стеллаж 3"", ""position"": {""x"": 430, ""y"": 580}, ""temperature_C"": 65, ""intensity"": 2, ""objectProperties"": {""material"": ""flammable"", ""load"": 80, ""damageThresholdT2"": 80, ""damageThresholdT3"": 250, ""isWet"": false, ""status"": ""at_risk"", ""currentDamage"": 0}}"
109;sim_1747527600000;4;41;Температура воздуха: критический уровень (Т2);98.16;;event;;;"{""impactCode"": ""Т2"", ""impactType"": ""thermal"", ""factor"": ""air_temperature"", ""temperature_C"": 201, ""zone"": ""main_warehouse"", ""description"": ""Пребывание без защиты невозможно""}"
110;sim_1747527600000;4;44;Концентрация CO: опасный уровень (Х2);102.16;;event;;;"{""impactCode"": ""Х2"", ""impactType"": ""chemical"", ""factor"": ""CO"", ""CO_ppm"": 165, ""description"": ""CO превышает 150 ppm — временная потеря работоспособности без СИЗОД""}"
111;sim_1747527600000;4;41;Стеллаж 1 повреждён (Т2), температура 110°C;100.16;;object;;;"{""impactCode"": ""Т2"", ""impactType"": ""thermal"", ""factor"": ""fire"", ""objectId"": ""object_1778672180187"", ""objectType"": ""shelf"", ""label"": ""Стеллаж 1"", ""position"": {""x"": 450, ""y"": 420}, ""temperature_C"": 110, ""damageCause"": ""fire"", ""description"": ""Товар деформирован — восстановление возможно"", ""objectProperties"": {""material"": ""mixed"", ""load"": 70, ""damageThresholdT2"": 80, ""damageThresholdT3"": 250, ""isWet"": false, ""status"": ""damaged"", ""currentDamage"": 6.0}}"
112;sim_1747527600000;4;46;Стеллаж 2 повреждён (Т2), температура 135°C;110.16;;object;;;"{""impactCode"": ""Т2"", ""impactType"": ""thermal"", ""factor"": ""fire"", ""objectId"": ""object_1778672220634"", ""objectType"": ""shelf"", ""label"": ""Стеллаж 2"", ""position"": {""x"": 620, ""y"": 390}, ""temperature_C"": 135, ""damageCause"": ""fire"", ""description"": ""Товар деформирован — восстановление возможно"", ""objectProperties"": {""material"": ""mixed"", ""load"": 65, ""damageThresholdT2"": 80, ""damageThresholdT3"": 250, ""isWet"": false, ""status"": ""damaged"", ""currentDamage"": 9.0}}"
113;sim_1747527600000;4;51;Стеллаж 3 повреждён (Т2), температура 160°C;120.16;;object;;;"{""impactCode"": ""Т2"", ""impactType"": ""thermal"", ""factor"": ""fire"", ""objectId"": ""object_1778672253543"", ""objectType"": ""shelf"", ""label"": ""Стеллаж 3"", ""position"": {""x"": 430, ""y"": 580}, ""temperature_C"": 160, ""damageCause"": ""fire"", ""description"": ""Товар деформирован — восстановление возможно"", ""objectProperties"": {""material"": ""flammable"", ""load"": 80, ""damageThresholdT2"": 80, ""damageThresholdT3"": 250, ""isWet"": false, ""status"": ""damaged"", ""currentDamage"": 12.0}}"
114;sim_1747527600000;4;61;Стеллаж 1 разрушен (Т3/М3), температура 291°C;125.16;;object;;;"{""impactCode"": ""Т3/М3"", ""impactType"": ""thermal+mechanical"", ""factor"": ""fire_collapse"", ""objectId"": ""object_1778672180187"", ""objectType"": ""shelf"", ""label"": ""Стеллаж 1"", ""position"": {""x"": 450, ""y"": 420}, ""temperature_C"": 291, ""damageCause"": ""fire"", ""description"": ""Конструкция стеллажа обрушилась — необратимое разрушение"", ""objectProperties"": {""material"": ""mixed"", ""load"": 70, ""damageThresholdT2"": 80, ""damageThresholdT3"": 250, ""isWet"": false, ""status"": ""destroyed"", ""currentDamage"": 100.0}}"
115;sim_1747527600000;4;84;Персонал получил огнетушители и приблизился к очагу;260.16;;event;;;"{""sourceNodeId"": ""node_1779052868364""}"
116;sim_1747527600000;4;85;Тушение пожара огнетушителями;261.16;420.0;action;;[117,118,119,120,121];"{""nodeId"": ""node_1779053071950"", ""responsible"": """", ""parallel"": true}"
117;sim_1747527600000;4;86;Огнетушитель 1 активирован;261.16;;object;116;;"{""impactCode"": ""Т1"", ""impactType"": ""thermal"", ""factor"": ""suppression"", ""objectId"": ""object_1778672403740"", ""objectType"": ""extinguisher"", ""label"": ""Огнетушитель 1"", ""position"": {""x"": 341, ""y"": 767}, ""objectProperties"": {""isActive"": true, ""status"": ""safe"", ""suppressionRate"": 5}}"
118;sim_1747527600000;4;87;Огнетушитель 2 активирован;264.16;;object;116;;"{""impactCode"": ""Т1"", ""impactType"": ""thermal"", ""factor"": ""suppression"", ""objectId"": ""object_1779051051281"", ""objectType"": ""extinguisher"", ""label"": ""Огнетушитель 2"", ""position"": {""x"": 399, ""y"": 602}, ""objectProperties"": {""isActive"": true, ""status"": ""safe"", ""suppressionRate"": 5}}"
119;sim_1747527600000;4;88;Огнетушитель 3 активирован;267.16;;object;116;;"{""impactCode"": ""Т1"", ""impactType"": ""thermal"", ""factor"": ""suppression"", ""objectId"": ""object_1779051072480"", ""objectType"": ""extinguisher"", ""label"": ""Огнетушитель 3"", ""position"": {""x"": 508, ""y"": 512}, ""objectProperties"": {""isActive"": true, ""status"": ""safe"", ""suppressionRate"": 5}}"
120;sim_1747527600000;4;89;Огнетушитель 4 активирован;270.16;;object;116;;"{""impactCode"": ""Т1"", ""impactType"": ""thermal"", ""factor"": ""suppression"", ""objectId"": ""object_1779051087814"", ""objectType"": ""extinguisher"", ""label"": ""Огнетушитель 4"", ""position"": {""x"": 688, ""y"": 507}, ""objectProperties"": {""isActive"": true, ""status"": ""safe"", ""suppressionRate"": 5}}"
121;sim_1747527600000;4;90;Огнетушитель 5 активирован;273.16;;object;116;;"{""impactCode"": ""Т1"", ""impactType"": ""thermal"", ""factor"": ""suppression"", ""objectId"": ""object_1779051101647"", ""objectType"": ""extinguisher"", ""label"": ""Огнетушитель 5"", ""position"": {""x"": 705, ""y"": 674}, ""objectProperties"": {""isActive"": true, ""status"": ""safe"", ""suppressionRate"": 5}}"
122;sim_1747527600000;4;156;Температура в зоне снижается (Т1);561.16;;event;;;"{""impactCode"": ""Т1"", ""impactType"": ""thermal"", ""factor"": ""air_temperature"", ""temperature_C"": 50, ""zone"": ""main_warehouse"", ""description"": ""Пожарные подавили горение — характеристики зоны восстанавливаются""}"
123;sim_1747527600000;4;166;Полная ликвидация пожара;681.16;;event;;;"{""sourceNodeId"": ""node_1779053071950"", ""outcome"": ""success""}"
124;sim_1747527600000;4;168;Контроль ликвидации пожара;683.16;540.0;action;;;"{""nodeId"": ""node_1779053385727"", ""responsible"": ""Начальник смены"", ""parallel"": false}"
125;sim_1747527600000;4;236;Фиксация нанесенного ущерба;1223.16;180.0;action;;;"{""nodeId"": ""node_1779053507962"", ""responsible"": ""Начальник смены"", ""parallel"": false}"
126;sim_1747527600000;4;256;Завершение запуска #4;1403.16;;system;;;"{""runNumber"": 4, ""outcome"": ""success"", ""strategy"": ""extinguisher"", ""totalTimeSec"": 1403.2, ""impactSummary"": {""T1_shelves_atrisk"": 2, ""T2_shelves_fire"": 3, ""T3_shelves_fire"": 1, ""M3_shelves"": 1, ""X2_CO"": true}, ""maxDamageLevel"": ""Т3/М3"", ""humidity"": 36, ""temperature"": 22, ""extinguishersUsed"": 5}"
127;sim_1747527600000;5;0;Запуск #5;0.0;;system;;;"{""runNumber"": 5, ""strategy"": ""extinguisher"", ""humidity"": 37, ""temperature"": 21}"
128;sim_1747527600000;5;4;Задымление: начальный уровень (Т1);11.59;;event;;;"{""impactCode"": ""Т1"", ""impactType"": ""thermal"", ""factor"": ""smoke"", ""smokeDensity_pct"": 8.5, ""CO2_ppm"": 808, ""CO_ppm"": 5, ""description"": ""Эксплуатационные характеристики помещения сохраняются"", ""objectId"": ""object_1779051672543"", ""objectLabel"": ""Датчик дыма""}"
129;sim_1747527600000;5;5;Датчик дыма: возгорание обнаружено;15.06;;event;;;"{""impactCode"": ""Т1"", ""objectId"": ""object_1779051672543"", ""label"": ""Датчик дыма"", ""isActive"": true, ""smokeDensity_pct"": 14, ""CO2_ppm"": 950}"
130;sim_1747527600000;5;5;Мониторинг работы склада;15.56;15.0;action;;;"{""nodeId"": ""node_detect"", ""responsible"": ""Дежурный охранник"", ""parallel"": false, ""resultEventId"": 131}"
131;sim_1747527600000;5;6;Возгорание обнаружено;30.56;;event;;;"{""sourceNodeId"": ""node_detect"", ""resultEventId"": 131}"
132;sim_1747527600000;5;12;Задымление: критический уровень (Т2);40.56;;event;;;"{""impactCode"": ""Т2"", ""impactType"": ""thermal"", ""factor"": ""smoke"", ""smokeDensity_pct"": 38.4, ""CO2_ppm"": 2633, ""CO_ppm"": 63, ""visibility_m"": 3.4, ""description"": ""Видимость снижена, персонал временно теряет ориентацию — эвакуация затруднена""}"
133;sim_1747527600000;5;9;Стеллаж 2 в зоне воздействия огня (Т1);38.56;;object;;;"{""impactCode"": ""Т1"", ""impactType"": ""thermal"", ""factor"": ""fire"", ""objectId"": ""object_1778672220634"", ""objectType"": ""shelf"", ""label"": ""Стеллаж 2"", ""position"": {""x"": 620, ""y"": 390}, ""intensity"": 1, ""temperature_C"": 55, ""objectProperties"": {""material"": ""mixed"", ""load"": 65, ""damageThresholdT2"": 80, ""damageThresholdT3"": 250, ""isWet"": false, ""status"": ""at_risk"", ""currentDamage"": 0}}"
134;sim_1747527600000;5;7;Оповещение и эвакуация персонала;31.56;240.0;action;;135;"{""nodeId"": ""node_1779051773013"", ""responsible"": ""Дежурный охранник"", ""parallel"": true, ""resultEventId"": 135}"
135;sim_1747527600000;5;39;Персонал эвакуирован;271.56;;event;134;;"{""sourceNodeId"": ""node_1779051773013""}"
136;sim_1747527600000;5;14;Химическое воздействие продуктов горения (Х1);48.56;;event;;;"{""impactCode"": ""Х1"", ""impactType"": ""chemical"", ""factor"": ""combustion_products"", ""CO_ppm"": 38, ""CO2_ppm"": 2104, ""NOx_ppm"": 2, ""description"": ""Концентрация ниже опасного порога (CO<50 ppm). Характеристики сохраняются""}"
137;sim_1747527600000;5;16;Стеллаж 1 повреждён (Т2) — термическое воздействие;55.56;;object;;;"{""impactCode"": ""Т2"", ""impactType"": ""thermal"", ""factor"": ""fire"", ""objectId"": ""object_1778672180187"", ""objectType"": ""shelf"", ""label"": ""Стеллаж 1"", ""position"": {""x"": 450, ""y"": 420}, ""temperature_C"": 142, ""description"": ""Товар частично деформирован, восстановление возможно"", ""objectProperties"": {""material"": ""mixed"", ""load"": 70, ""damageThresholdT2"": 80, ""damageThresholdT3"": 250, ""isWet"": false, ""status"": ""damaged"", ""currentDamage"": 5.5}}"
138;sim_1747527600000;5;8;Оценка пожара: риск распространения;33.56;45.0;action;;;"{""nodeId"": ""node_1779052090057"", ""responsible"": ""Начальник смены"", ""parallel"": false}"
139;sim_1747527600000;5;24;Стеллаж 3 повреждён (Т2);93.56;;object;;;"{""impactCode"": ""Т2"", ""impactType"": ""thermal"", ""factor"": ""fire"", ""objectId"": ""object_1778672253543"", ""objectType"": ""shelf"", ""label"": ""Стеллаж 3"", ""position"": {""x"": 430, ""y"": 580}, ""temperature_C"": 135, ""damageCause"": ""fire"", ""objectProperties"": {""material"": ""flammable"", ""load"": 80, ""damageThresholdT2"": 80, ""damageThresholdT3"": 250, ""isWet"": false, ""status"": ""damaged"", ""currentDamage"": 12.0}}"
140;sim_1747527600000;5;26;Испарение ЛВЖ со стеллажа 3 — опасная концентрация паров (Х2);96.56;;event;;;"{""impactCode"": ""Х2"", ""impactType"": ""chemical"", ""factor"": ""flammable_vapors"", ""objectId"": ""object_1778672253543"", ""vapor_concentration_pct"": 2.13, ""LEL_pct"": 45.7, ""description"": ""Концентрация паров ЛВЖ в зоне нижнего предела взрываемости — временная потеря безопасности зоны""}"
141;sim_1747527600000;5;34;Стеллаж 3 разрушен (Т3/М3) — ВОСПЛАМЕНЕНИЕ ЛВЖ!;108.56;;object;;;"{""impactCode"": ""Т3/М3"", ""impactType"": ""thermal+chemical"", ""factor"": ""fire+flammable_liquid"", ""objectId"": ""object_1778672253543"", ""objectType"": ""shelf"", ""label"": ""Стеллаж 3"", ""position"": {""x"": 430, ""y"": 580}, ""temperature_C"": 385, ""damageCause"": ""fire"", ""description"": ""Необратимое разрушение + вспышка ЛВЖ — резкое усиление пожара"", ""objectProperties"": {""material"": ""flammable"", ""load"": 80, ""damageThresholdT2"": 80, ""damageThresholdT3"": 250, ""isWet"": false, ""status"": ""destroyed"", ""currentDamage"": 100.0}}"
142;sim_1747527600000;5;36;Температура воздуха: критический уровень (Т2);111.56;;event;;;"{""impactCode"": ""Т2"", ""impactType"": ""thermal"", ""factor"": ""air_temperature"", ""temperature_C"": 315, ""zone"": ""main_warehouse"", ""description"": ""Вспышка ЛВЖ резко подняла температуру — функциональность зоны временно утрачена""}"
143;sim_1747527600000;5;39;Концентрация CO: необратимо опасный уровень (Х3);114.56;;event;;;"{""impactCode"": ""Х3"", ""impactType"": ""chemical"", ""factor"": ""CO"", ""CO_ppm"": 1424, ""description"": ""CO >800 ppm — угроза жизни без СИЗОД. Зона необратимо непригодна без принудительного проветривания""}"
144;sim_1747527600000;5;49;Подготовка персонала к тушению;78.56;180.0;decision;;;"{""nodeId"": ""node_1779052868364"", ""responsible"": ""Начальник смены"", ""parallel"": false, ""decisionNodeName"": ""Оценка пожара: риск распространения""}"
145;sim_1747527600000;5;54;Дверь 1 (главный вход) в зоне воздействия огня (Т1);103.56;;object;;;"{""impactCode"": ""Т1"", ""impactType"": ""thermal"", ""factor"": ""fire"", ""objectId"": ""object_1778672340955"", ""objectType"": ""fire_door"", ""label"": ""Дверь 1 (главный вход)"", ""position"": {""x"": 808, ""y"": 612}, ""temperature_C"": 85, ""objectProperties"": {""status"": ""at_risk"", ""fireRating"": 60, ""isOpen"": false}}"
146;sim_1747527600000;5;66;Дверь 1 (главный вход) деформирована (М2/Т2) — барьер ослаблен;118.56;;object;;;"{""impactCode"": ""М2/Т2"", ""impactType"": ""mechanical+thermal"", ""factor"": ""fire_deformation"", ""objectId"": ""object_1778672340955"", ""objectType"": ""fire_door"", ""label"": ""Дверь 1 (главный вход)"", ""position"": {""x"": 808, ""y"": 612}, ""temperature_C"": 234, ""description"": ""Дверь деформирована — временная потеря функции пожарного барьера"", ""objectProperties"": {""status"": ""damaged"", ""fireRating"": 60, ""isOpen"": false, ""temperature"": 234}}"
147;sim_1747527600000;5;79;Дверь 1 (главный вход) разрушена (М3/Т3) — маршрут к очагу перекрыт;133.56;;object;;;"{""impactCode"": ""М3/Т3"", ""impactType"": ""mechanical+thermal"", ""factor"": ""fire_destruction"", ""objectId"": ""object_1778672340955"", ""objectType"": ""fire_door"", ""label"": ""Дверь 1 (главный вход)"", ""position"": {""x"": 808, ""y"": 612}, ""temperature_C"": 410, ""description"": ""Необратимое разрушение двери — путь к очагу для пожарных перекрыт"", ""objectProperties"": {""status"": ""destroyed"", ""fireRating"": 60, ""isOpen"": false}}"
148;sim_1747527600000;5;82;Персонал получил огнетушители и приблизился к очагу;258.56;;event;;;"{""sourceNodeId"": ""node_1779052868364""}"
149;sim_1747527600000;5;84;ПРЕРЫВАНИЕ: Тушение огнетушителями — дверь заблокирована;260.56;;event;;;"{""impactCode"": ""М3"", ""nodeId"": ""node_1779053071950"", ""description"": ""startCondition не выполнено: Дверь 1 разрушена (М3/Т3) — путь к очагу перекрыт"", ""failedCondition"": ""object.object_1778672340955.isOpen == true"", ""actualValue"": ""destroyed"", ""objectId"": ""object_1778672340955"", ""objectLabel"": ""Дверь 1 (главный вход)""}"
150;sim_1747527600000;5;89;Стеллаж 1 разрушен (Т3), температура 280°C;263.56;;object;;;"{""impactCode"": ""Т3"", ""impactType"": ""thermal"", ""factor"": ""fire"", ""objectId"": ""object_1778672180187"", ""objectType"": ""shelf"", ""label"": ""Стеллаж 1"", ""position"": {""x"": 450, ""y"": 420}, ""temperature_C"": 280, ""damageCause"": ""fire"", ""objectProperties"": {""material"": ""mixed"", ""load"": 70, ""damageThresholdT2"": 80, ""damageThresholdT3"": 250, ""isWet"": false, ""status"": ""destroyed"", ""currentDamage"": 100.0}}"
151;sim_1747527600000;5;94;Стеллаж 2 повреждён (Т2), температура 320°C;273.56;;object;;;"{""impactCode"": ""Т2"", ""impactType"": ""thermal"", ""factor"": ""fire"", ""objectId"": ""object_1778672220634"", ""objectType"": ""shelf"", ""label"": ""Стеллаж 2"", ""position"": {""x"": 620, ""y"": 390}, ""temperature_C"": 320, ""damageCause"": ""fire"", ""objectProperties"": {""material"": ""mixed"", ""load"": 65, ""damageThresholdT2"": 80, ""damageThresholdT3"": 250, ""isWet"": false, ""status"": ""damaged"", ""currentDamage"": 35.0}}"
152;sim_1747527600000;5;99;Стеллаж 4 повреждён (Т2), температура 360°C;283.56;;object;;;"{""impactCode"": ""Т2"", ""impactType"": ""thermal"", ""factor"": ""fire"", ""objectId"": ""object_1778672271234"", ""objectType"": ""shelf"", ""label"": ""Стеллаж 4"", ""position"": {""x"": 600, ""y"": 580}, ""temperature_C"": 360, ""damageCause"": ""fire"", ""objectProperties"": {""material"": ""mixed"", ""load"": 75, ""damageThresholdT2"": 80, ""damageThresholdT3"": 250, ""isWet"": false, ""status"": ""damaged"", ""currentDamage"": 45.0}}"
153;sim_1747527600000;5;124;Завершение запуска #5;293.56;;system;;;"{""runNumber"": 5, ""outcome"": ""failure"", ""strategy"": ""extinguisher"", ""totalTimeSec"": 293.6, ""impactSummary"": {""T1_door"": 1, ""T2_shelves_fire"": 2, ""T3_shelves_fire"": 2, ""M2_door"": 1, ""M3_door"": 1, ""X2_vapors"": 1, ""X3_CO"": 1}, ""maxDamageLevel"": ""Т3/М3/Х3"", ""failReason"": ""Дверь 1 разрушена — путь к очагу перекрыт для пожарных"", ""humidity"": 37, ""temperature"": 21}"
154;sim_1747527600000;6;0;Запуск #6;0.0;;system;;;"{""runNumber"": 6, ""strategy"": ""extinguisher"", ""humidity"": 40, ""temperature"": 20}"
155;sim_1747527600000;6;4;Задымление: начальный уровень (Т1);11.56;;event;;;"{""impactCode"": ""Т1"", ""impactType"": ""thermal"", ""factor"": ""smoke"", ""smokeDensity_pct"": 5.8, ""CO2_ppm"": 881, ""CO_ppm"": 15, ""description"": ""Эксплуатационные характеристики помещения сохраняются"", ""objectId"": ""object_1779051672543"", ""objectLabel"": ""Датчик дыма""}"
156;sim_1747527600000;6;5;Датчик дыма: возгорание обнаружено;16.07;;event;;;"{""impactCode"": ""Т1"", ""objectId"": ""object_1779051672543"", ""label"": ""Датчик дыма"", ""isActive"": true, ""smokeDensity_pct"": 14, ""CO2_ppm"": 950}"
157;sim_1747527600000;6;5;Мониторинг работы склада;16.57;15.0;action;;;"{""nodeId"": ""node_detect"", ""responsible"": ""Дежурный охранник"", ""parallel"": false, ""resultEventId"": 158}"
158;sim_1747527600000;6;6;Возгорание обнаружено;31.57;;event;;;"{""sourceNodeId"": ""node_detect"", ""resultEventId"": 158}"
159;sim_1747527600000;6;12;Задымление: критический уровень (Т2);41.57;;event;;;"{""impactCode"": ""Т2"", ""impactType"": ""thermal"", ""factor"": ""smoke"", ""smokeDensity_pct"": 39.2, ""CO2_ppm"": 3198, ""CO_ppm"": 68, ""visibility_m"": 3.6, ""description"": ""Видимость снижена, персонал временно теряет ориентацию — эвакуация затруднена""}"
160;sim_1747527600000;6;9;Стеллаж 2 в зоне воздействия огня (Т1);39.57;;object;;;"{""impactCode"": ""Т1"", ""impactType"": ""thermal"", ""factor"": ""fire"", ""objectId"": ""object_1778672220634"", ""objectType"": ""shelf"", ""label"": ""Стеллаж 2"", ""position"": {""x"": 620, ""y"": 390}, ""intensity"": 1, ""temperature_C"": 55, ""objectProperties"": {""material"": ""mixed"", ""load"": 65, ""damageThresholdT2"": 80, ""damageThresholdT3"": 250, ""isWet"": false, ""status"": ""at_risk"", ""currentDamage"": 0}}"
161;sim_1747527600000;6;7;Оповещение и эвакуация персонала;32.57;240.0;action;;162;"{""nodeId"": ""node_1779051773013"", ""responsible"": ""Дежурный охранник"", ""parallel"": true, ""resultEventId"": 162}"
162;sim_1747527600000;6;39;Персонал эвакуирован;272.57;;event;161;;"{""sourceNodeId"": ""node_1779051773013""}"
163;sim_1747527600000;6;14;Химическое воздействие продуктов горения (Х1);49.57;;event;;;"{""impactCode"": ""Х1"", ""impactType"": ""chemical"", ""factor"": ""combustion_products"", ""CO_ppm"": 48, ""CO2_ppm"": 2011, ""NOx_ppm"": 5, ""description"": ""Концентрация ниже опасного порога (CO<50 ppm). Характеристики сохраняются""}"
164;sim_1747527600000;6;16;Стеллаж 1 повреждён (Т2) — термическое воздействие;56.57;;object;;;"{""impactCode"": ""Т2"", ""impactType"": ""thermal"", ""factor"": ""fire"", ""objectId"": ""object_1778672180187"", ""objectType"": ""shelf"", ""label"": ""Стеллаж 1"", ""position"": {""x"": 450, ""y"": 420}, ""temperature_C"": 142, ""description"": ""Товар частично деформирован, восстановление возможно"", ""objectProperties"": {""material"": ""mixed"", ""load"": 70, ""damageThresholdT2"": 80, ""damageThresholdT3"": 250, ""isWet"": false, ""status"": ""damaged"", ""currentDamage"": 5.5}}"
165;sim_1747527600000;6;8;Оценка пожара: риск распространения;34.57;45.0;action;;;"{""nodeId"": ""node_1779052090057"", ""responsible"": ""Начальник смены"", ""parallel"": false}"
166;sim_1747527600000;6;49;Подготовка персонала к тушению;79.57;180.0;decision;;;"{""nodeId"": ""node_1779052868364"", ""responsible"": ""Начальник смены"", ""parallel"": false, ""decisionNodeName"": ""Оценка пожара: риск распространения""}"
167;sim_1747527600000;6;24;Стеллаж 2 в зоне воздействия огня (Т1);89.57;;object;;;"{""impactCode"": ""Т1"", ""impactType"": ""thermal"", ""factor"": ""fire"", ""objectId"": ""object_1778672220634"", ""objectType"": ""shelf"", ""label"": ""Стеллаж 2"", ""position"": {""x"": 620, ""y"": 390}, ""temperature_C"": 55, ""intensity"": 2, ""objectProperties"": {""material"": ""mixed"", ""load"": 65, ""damageThresholdT2"": 80, ""damageThresholdT3"": 250, ""isWet"": false, ""status"": ""at_risk"", ""currentDamage"": 0}}"
168;sim_1747527600000;6;32;Стеллаж 3 в зоне воздействия огня (Т1);101.57;;object;;;"{""impactCode"": ""Т1"", ""impactType"": ""thermal"", ""factor"": ""fire"", ""objectId"": ""object_1778672253543"", ""objectType"": ""shelf"", ""label"": ""Стеллаж 3"", ""position"": {""x"": 430, ""y"": 580}, ""temperature_C"": 65, ""intensity"": 2, ""objectProperties"": {""material"": ""flammable"", ""load"": 80, ""damageThresholdT2"": 80, ""damageThresholdT3"": 250, ""isWet"": false, ""status"": ""at_risk"", ""currentDamage"": 0}}"
169;sim_1747527600000;6;39;Температура воздуха: критический уровень (Т2);97.57;;event;;;"{""impactCode"": ""Т2"", ""impactType"": ""thermal"", ""factor"": ""air_temperature"", ""temperature_C"": 170, ""zone"": ""main_warehouse"", ""description"": ""Пребывание без защиты невозможно""}"
170;sim_1747527600000;6;42;Концентрация CO: опасный уровень (Х2);101.57;;event;;;"{""impactCode"": ""Х2"", ""impactType"": ""chemical"", ""factor"": ""CO"", ""CO_ppm"": 225, ""description"": ""CO превышает 150 ppm — временная потеря работоспособности без СИЗОД""}"
171;sim_1747527600000;6;39;Стеллаж 1 повреждён (Т2), температура 110°C;99.57;;object;;;"{""impactCode"": ""Т2"", ""impactType"": ""thermal"", ""factor"": ""fire"", ""objectId"": ""object_1778672180187"", ""objectType"": ""shelf"", ""label"": ""Стеллаж 1"", ""position"": {""x"": 450, ""y"": 420}, ""temperature_C"": 110, ""damageCause"": ""fire"", ""description"": ""Товар деформирован — восстановление возможно"", ""objectProperties"": {""material"": ""mixed"", ""load"": 70, ""damageThresholdT2"": 80, ""damageThresholdT3"": 250, ""isWet"": false, ""status"": ""damaged"", ""currentDamage"": 6.0}}"
172;sim_1747527600000;6;44;Стеллаж 2 повреждён (Т2), температура 135°C;109.57;;object;;;"{""impactCode"": ""Т2"", ""impactType"": ""thermal"", ""factor"": ""fire"", ""objectId"": ""object_1778672220634"", ""objectType"": ""shelf"", ""label"": ""Стеллаж 2"", ""position"": {""x"": 620, ""y"": 390}, ""temperature_C"": 135, ""damageCause"": ""fire"", ""description"": ""Товар деформирован — восстановление возможно"", ""objectProperties"": {""material"": ""mixed"", ""load"": 65, ""damageThresholdT2"": 80, ""damageThresholdT3"": 250, ""isWet"": false, ""status"": ""damaged"", ""currentDamage"": 9.0}}"
173;sim_1747527600000;6;82;Персонал получил огнетушители и приблизился к очагу;259.57;;event;;;"{""sourceNodeId"": ""node_1779052868364""}"
174;sim_1747527600000;6;83;Тушение пожара огнетушителями;260.57;420.0;action;;[175,176,177,178,179];"{""nodeId"": ""node_1779053071950"", ""responsible"": """", ""parallel"": true}"
175;sim_1747527600000;6;84;Огнетушитель 1 активирован;260.57;;object;174;;"{""impactCode"": ""Т1"", ""impactType"": ""thermal"", ""factor"": ""suppression"", ""objectId"": ""object_1778672403740"", ""objectType"": ""extinguisher"", ""label"": ""Огнетушитель 1"", ""position"": {""x"": 341, ""y"": 767}, ""objectProperties"": {""isActive"": true, ""status"": ""safe"", ""suppressionRate"": 5}}"
176;sim_1747527600000;6;85;Огнетушитель 2 активирован;263.57;;object;174;;"{""impactCode"": ""Т1"", ""impactType"": ""thermal"", ""factor"": ""suppression"", ""objectId"": ""object_1779051051281"", ""objectType"": ""extinguisher"", ""label"": ""Огнетушитель 2"", ""position"": {""x"": 399, ""y"": 602}, ""objectProperties"": {""isActive"": true, ""status"": ""safe"", ""suppressionRate"": 5}}"
177;sim_1747527600000;6;86;Огнетушитель 3 активирован;266.57;;object;174;;"{""impactCode"": ""Т1"", ""impactType"": ""thermal"", ""factor"": ""suppression"", ""objectId"": ""object_1779051072480"", ""objectType"": ""extinguisher"", ""label"": ""Огнетушитель 3"", ""position"": {""x"": 508, ""y"": 512}, ""objectProperties"": {""isActive"": true, ""status"": ""safe"", ""suppressionRate"": 5}}"
178;sim_1747527600000;6;87;Огнетушитель 4 активирован;269.57;;object;174;;"{""impactCode"": ""Т1"", ""impactType"": ""thermal"", ""factor"": ""suppression"", ""objectId"": ""object_1779051087814"", ""objectType"": ""extinguisher"", ""label"": ""Огнетушитель 4"", ""position"": {""x"": 688, ""y"": 507}, ""objectProperties"": {""isActive"": true, ""status"": ""safe"", ""suppressionRate"": 5}}"
179;sim_1747527600000;6;88;Огнетушитель 5 активирован;272.57;;object;174;;"{""impactCode"": ""Т1"", ""impactType"": ""thermal"", ""factor"": ""suppression"", ""objectId"": ""object_1779051101647"", ""objectType"": ""extinguisher"", ""label"": ""Огнетушитель 5"", ""position"": {""x"": 705, ""y"": 674}, ""objectProperties"": {""isActive"": true, ""status"": ""safe"", ""suppressionRate"": 5}}"
180;sim_1747527600000;6;154;Температура в зоне снижается (Т1);560.57;;event;;;"{""impactCode"": ""Т1"", ""impactType"": ""thermal"", ""factor"": ""air_temperature"", ""temperature_C"": 60, ""zone"": ""main_warehouse"", ""description"": ""Пожарные подавили горение — характеристики зоны восстанавливаются""}"
181;sim_1747527600000;6;164;Полная ликвидация пожара;680.57;;event;;;"{""sourceNodeId"": ""node_1779053071950"", ""outcome"": ""success""}"
182;sim_1747527600000;6;166;Контроль ликвидации пожара;682.57;540.0;action;;;"{""nodeId"": ""node_1779053385727"", ""responsible"": ""Начальник смены"", ""parallel"": false}"
183;sim_1747527600000;6;234;Фиксация нанесенного ущерба;1222.57;180.0;action;;;"{""nodeId"": ""node_1779053507962"", ""responsible"": ""Начальник смены"", ""parallel"": false}"
184;sim_1747527600000;6;254;Завершение запуска #6;1402.57;;system;;;"{""runNumber"": 6, ""outcome"": ""success"", ""strategy"": ""extinguisher"", ""totalTimeSec"": 1402.6, ""impactSummary"": {""T1_shelves_atrisk"": 2, ""T2_shelves_fire"": 2, ""T3_shelves_fire"": 0, ""M3_shelves"": 0, ""X2_CO"": true}, ""maxDamageLevel"": ""Т2"", ""humidity"": 40, ""temperature"": 20, ""extinguishersUsed"": 5}"